Index,principal component 1,principal component 2,class
0,1.807441333,-0.363472008,1
1,2.341153382,-1.043388535,1
2,1.439264522,-0.019165162,1
3,1.527443025,-2.042318817,1
4,0.705488226,-0.627692833,0
5,1.511434189,-0.309845533,1
6,-0.397417121,-0.747783986,0
7,1.307873133,-1.610622138,1
8,0.669477965,-0.256937697,0
9,-0.615758749,0.682521248,0
10,-1.489868782,0.445781366,0
11,0.496748197,0.707002899,0
12,0.121692995,3.098086321,0
13,3.163215863,0.373922008,1
14,-0.866423255,-0.19462837,0
15,-0.302470407,0.347681636,0
16,0.047449064,0.643951213,0
17,-0.885678962,2.539238174,0
18,-1.755000514,0.920117444,0
19,0.356325955,-0.863932112,0
20,2.390967332,-2.347040315,1
21,0.503043446,1.553668834,0
22,0.691632036,0.641229049,0
23,0.115357466,0.052274362,0
24,1.38079618,2.84442726,0
25,0.517535774,0.215020031,0
26,0.214786859,0.384460143,0
27,0.19645812,0.305338793,0
28,-0.217591957,-1.007988337,0
29,-1.254613145,0.167493394,0
30,-0.396153914,-0.8585327,0
31,-0.730335993,0.807348301,0
32,-0.193096757,0.099137839,0
33,-0.389451197,0.754048861,0
34,2.306481263,1.295535556,1
35,0.719612896,0.006618648,0
36,0.141813781,-1.440241714,0
37,0.053617721,-0.190420088,0
38,-0.772693151,-1.477304368,0
39,0.970954101,-0.092526956,0
40,1.972586088,-1.6526125,1
41,0.485942982,0.266533737,0
42,1.045923069,0.422944505,0
43,-1.158003759,1.011728648,0
44,0.845975389,1.488332679,0
45,-0.029218643,-0.937796732,0
46,-0.816580379,-1.115352275,0
47,0.335745942,1.805683627,0
48,0.70090139,0.869492678,0
49,0.429474419,-1.709459481,0
50,-0.777219943,-1.076639232,0
51,-1.934421633,-0.118927674,0
52,-0.882441245,-0.024163947,0
53,1.827185479,-1.834827292,1
54,-1.22194818,1.028880954,0
55,0.68251678,0.306612587,0
56,2.084147029,-0.278313754,1
57,3.442535731,1.50254213,1
58,-0.676877145,-1.304661064,0
59,0.555813828,2.503432958,0
60,1.58021723,-0.722463712,1
61,1.490994618,0.79889825,1
62,-0.21450139,2.165969667,0
63,-2.002643369,-0.354276982,0
64,-0.714774926,0.523057971,0
65,0.213704775,-0.561591187,0
66,-0.604316996,-0.641810623,0
67,-0.362637032,-1.243900462,0
68,1.000960611,1.762553156,0
69,2.474330213,1.607784327,1
70,0.917213428,0.224556188,0
71,-0.86774384,-1.389465294,0
72,0.098406588,0.972898472,0
73,-1.710705417,-0.370993135,0
74,-0.40126901,-1.156112057,0
75,2.059566867,0.147642578,1
76,-0.048385553,-1.573544015,0
77,-0.432998524,-0.674312514,0
78,-0.149989645,0.008564729,0
79,-0.221329073,1.10481798,0
80,1.589269072,-0.111110854,1
81,0.129878248,-0.36371668,0
82,1.686759117,-0.580102072,1
83,1.433528376,-1.768007871,1
84,0.100850247,-1.784514878,0
85,0.068150041,1.659206045,0
86,-0.897081363,-1.060576367,0
87,-0.029493612,-0.809015065,0
88,2.13736146,0.353853534,1
89,0.002248495,2.24632246,0
90,0.631661036,0.656736759,0
91,1.926887628,0.320989838,1
92,-1.623049735,0.620268735,0
93,0.181489179,1.657964599,0
94,-1.757591563,-0.392604541,0
95,-0.442484791,0.054210441,0
96,-1.576798202,1.44339707,0
97,1.459707916,-0.757817962,1
98,-0.729964983,-0.255791115,0
99,-1.587847276,1.858883625,0
100,1.170034116,1.997374298,0
101,1.224676827,1.510487695,0
102,0.529355495,1.251933733,0
103,1.054040515,0.962630154,1
104,1.629236824,0.975624493,1
105,2.679220097,-1.547922606,1
106,0.741680666,-0.78372812,0
107,-1.031900357,-0.082291849,0
108,2.03748201,-0.37507257,1
109,0.847128712,-1.708561847,0
110,-1.366803081,-0.202499456,0
111,-1.940705804,-0.366868851,0
112,1.509102632,-0.741907102,1
113,2.09E-05,0.630956195,0
114,1.507420477,-0.300724659,1
115,3.690376705,-0.674100976,1
116,-0.924852645,-0.560108248,0
117,0.21205374,-1.599856996,0
118,-0.894107937,-1.201397951,0
119,-0.777623701,-0.766518674,0
120,-1.31719669,1.372006346,0
121,-0.785737715,-1.44766153,0
122,2.186542993,-2.010657445,1
123,-1.418254385,-0.779253551,0
124,1.325200359,-0.285882372,1
125,0.319232274,0.394966126,0
126,-0.654650218,-0.110350763,0
127,1.110230855,-1.397529182,1
128,1.867768545,-0.910257773,1
129,0.44429155,-1.110809176,0
130,0.675018199,0.873944115,0
131,-0.466570885,-0.261155302,0
132,-0.506427287,-0.891921358,0
133,-0.495203125,-0.781885924,0
134,-0.791350712,0.832612508,0
135,0.606033332,0.722358604,0
136,-1.015199828,1.885054789,0
137,-0.721937559,-0.274032862,0
138,-1.362008863,0.028548878,0
139,1.693322079,-0.090851579,1
140,1.15169773,1.178070983,1
141,-0.778125415,-0.765378565,0
142,-0.703467987,-1.244235278,0
143,-0.240847814,-0.5177812,0
144,-1.115184879,0.106966271,0
145,-0.547721271,-1.079623406,0
146,1.31408207,-0.245847414,1
147,-1.102007416,-0.723053387,0
148,-0.561162337,-0.511226235,0
149,1.755895495,0.815958543,1
150,-0.640013912,-1.650651629,0
151,-0.725720415,-0.75630836,0
152,-0.24266629,-1.341387033,0
153,-1.777977579,1.651633897,0
154,-0.509897097,0.441958215,0
155,-0.408091345,-1.115382753,0
156,-0.437423537,0.405424054,0
157,0.822917754,0.028179385,0
158,-0.688960768,0.592553961,0
159,1.985682699,-1.56858758,1
160,-0.43309237,-1.602330891,0
161,-1.206077591,-1.005096502,0
162,-0.31624343,0.250823026,0
163,1.017701729,0.526672302,0
164,0.098389213,0.648965468,0
165,-0.197463807,-1.700420081,0
166,1.115989447,0.559634131,0
167,-0.15473002,-0.27611786,0
168,0.461307339,0.720279517,0
169,-0.418000958,1.55174077,0
170,0.789158938,0.306218761,0
171,-0.017098461,0.494720387,0
172,-0.637397372,0.18645544,0
173,3.145371452,2.176349847,1
174,-0.998917937,-1.219538361,0
175,0.500840965,-0.048860538,0
176,-0.244181172,1.284904558,0
177,-1.027529197,1.098228142,0
178,1.439502634,-0.281927758,1
179,0.096334821,-1.774253895,0
180,-0.593878958,-0.974733364,0
181,-1.817468718,0.550921547,0
182,-1.343950982,-0.382586034,0
183,-0.636013763,0.593007779,0
184,-2.430282211,0.23303124,0
185,-0.753641582,0.732151765,0
186,3.128230697,0.896691027,1
187,1.106412768,0.2186815,0
188,-0.758877533,0.366964353,0
189,-0.692974479,0.601674835,0
190,1.009630192,0.182299344,0
191,-1.337038505,1.54525227,0
192,-0.718006326,-1.601576266,0
193,1.818423561,-0.36076496,1
194,0.262028945,0.773885516,0
195,0.823358387,-0.237997132,0
196,-0.707524185,0.634738,0
197,1.304170559,1.087901022,1
198,-1.19631828,-0.899117019,0
199,1.51091549,-0.121090238,1
200,-0.679436135,0.819838833,0
201,0.709711126,-1.282504179,0
202,-1.425187968,0.306183562,0
203,2.897309362,2.221518061,1
204,0.973379904,-0.427521121,0
205,-0.469619535,-1.210122474,0
206,0.491146576,0.39025048,0
207,0.51043874,-0.514561022,0
208,0.082104187,0.699264611,0
209,2.249705103,0.10594536,1
210,1.273656419,2.226923266,0
211,0.76325408,0.156376097,0
212,-2.066505312,0.981297855,0
213,1.312988229,-1.313042781,1
214,3.055962903,-1.777630379,1
215,0.67267088,-0.498751499,0
216,-1.473085476,0.535799321,0
217,0.849827966,-0.787542274,0
218,-0.74601983,-0.219307622,0
219,-0.322525404,-1.859494279,0
220,-1.041115765,1.136487367,0
221,0.469569051,0.069184192,0
222,-2.146587061,-0.283488878,0
223,2.524819068,-0.504860661,1
224,1.37318829,-1.652644848,1
225,-0.46497532,-1.401722347,0
226,1.746318816,0.475005912,1
227,-1.518610745,1.701548561,0
228,-0.54734109,-0.670790849,0
229,-1.075130239,-1.302664993,0
230,0.502772587,1.063412572,0
231,0.587550495,0.749590088,0
232,-0.136804638,-1.581950065,0
233,0.310710273,-0.767658456,0
234,1.061264545,-1.261030709,1
235,0.996970321,-1.693337302,1
236,0.708838401,-0.218224654,0
237,0.067069763,-1.660769603,0
238,-1.175844048,-0.011503744,0
239,-1.532012757,0.541550535,0
240,0.676951627,-0.387707092,0
241,0.546204412,-0.797160834,0
242,0.715229979,-1.29504538,0
243,0.162207042,-1.049224074,0
244,3.112639198,-0.023773415,1
245,-0.012798803,-0.545134497,0
246,2.314293308,0.759248098,1
247,0.051014915,-1.624286109,0
248,0.464646445,-1.675599363,0
249,-0.188119908,0.095213025,0
250,0.431583054,-1.034948486,0
251,0.798737424,-1.726752925,0
252,0.769303572,0.525622663,0
253,0.539530218,-0.331740407,0
254,0.757373955,-1.390814549,0
255,1.374049247,-0.631446107,1
256,1.746689826,-0.588133504,1
257,-0.227297713,-0.178473165,0
258,1.070200965,1.975309074,0
259,0.533369207,1.24281286,0
260,-1.183500461,-1.056401414,0
261,3.006804545,1.563001597,1
262,-1.425230156,-1.019715247,0
263,-0.853695848,-1.421388351,0
264,0.492280707,1.449969569,0
265,-0.003396941,-1.628795878,0
266,2.13030854,-0.013112814,1
267,0.359607385,-1.369645416,0
268,0.058529259,-1.250983593,0
269,0.932649151,-2.226474761,1
270,0.146152194,-1.012740581,0
271,1.82162826,-2.778093918,1
272,-0.549165315,-0.90120356,0
273,-0.013932934,-1.604853585,0
274,-0.945509509,-1.212748374,0
275,-2.539105922,0.224011704,0
276,-0.894286756,1.610288481,0
277,-0.497175439,-0.191608644,0
278,-0.211834992,-1.283292134,0
279,0.610206682,-0.048457388,0
280,1.102595369,-0.849310842,0
281,0.629206319,-1.597819254,0
282,-0.36709136,-1.058639961,0
283,0.769567174,0.78724515,0
284,-1.206077591,-1.005096502,0
285,0.573779669,-1.20964465,0
286,0.713588505,-0.349791025,0
287,0.317770828,2.546112159,0
288,1.848643541,2.885608078,0
289,-1.645984312,-0.518067217,0
290,0.294655425,-0.731174963,0
291,1.352479368,-0.212330431,1
292,0.732418958,-0.271809784,0
293,0.686838208,0.921728906,0
294,-0.154426414,0.96715726,0
295,1.60451488,-0.25914324,1
296,1.462581477,-0.334372779,1
297,-1.57478915,-0.423539494,0
298,-2.34850283,0.047193447,0
299,-1.844878431,-0.584629701,0
300,0.30195439,-0.875918158,0
301,-1.412508786,-0.664153195,0
302,1.492094506,-1.922850719,1
303,-1.79900708,-0.170333923,0
304,-0.059137224,1.12810378,0
305,-1.065144183,-1.069043952,0
306,-1.449035951,-0.271944778,0
307,-1.307148848,-0.903576118,0
308,-0.904870675,-1.305097216,0
309,0.055386465,0.067782072,0
310,-1.188613643,-0.110642573,0
311,0.1333826,-1.111879409,0
312,-1.571277152,-0.431520258,0
313,-0.754727787,2.611760666,0
314,-1.367725537,0.296376397,0
315,-0.064027483,1.831413197,0
316,-0.466695841,-1.916347731,0
317,0.144916105,1.854860326,0
318,-1.300901535,-0.789615871,0
319,0.933546678,-0.082166179,0
320,0.847343911,3.415875291,0
321,-0.650192458,-0.437068472,0
322,0.43860705,-1.050910014,0
323,0.03208431,-0.148871672,0
324,0.353756287,-1.033231085,0
325,0.500039079,-1.432452757,0
326,-0.992897369,-1.233219671,0
327,0.807061198,-0.730353326,0
328,-1.764615559,-0.376643013,0
329,-0.559906673,0.138520187,0
330,-0.563213306,-0.869280504,0
331,-1.54719488,-0.486245497,0
332,-1.098801508,0.877195767,0
333,-1.277057375,-0.581578514,0
334,-0.999379658,1.969876685,0
335,-1.656520306,-0.494124925,0
336,-1.596589596,-0.502156357,0
337,-1.849895571,-0.573228609,0
338,-1.032175326,0.046489817,0
339,-0.474723264,-1.898105985,0
340,-0.837825557,-0.259614592,0
341,1.798309092,-0.510473284,1
342,1.036307634,-1.385364142,1
343,1.319733433,-1.570313625,1
344,-1.237458827,-0.805628067,0
345,-0.139374995,0.932953986,0
346,1.318220867,0.604242052,1
347,-2.097192345,-0.267578018,0
348,2.390778953,-1.518874046,1
349,2.222143581,0.921670222,1
350,-0.780630162,-0.389587036,0
351,1.235501352,-0.895016545,1
352,-1.255114859,0.168633503,0
353,-0.168548952,-0.568289161,0
354,-1.172236008,-0.953842258,0
355,0.051647333,-0.563426912,0
356,-0.967638778,1.097672987,0
357,-1.373375095,-0.753081709,0
358,0.334515769,1.680322288,0
359,-1.816970827,0.179690455,0
360,-0.156092692,-1.296176492,0
361,-1.066836078,1.995009754,0
362,-0.913588193,-0.457549092,0
363,-1.706691705,-0.380114009,0
364,-0.604721041,0.657438846,0
365,-1.63536584,0.776413022,0
366,-2.049302771,-0.24824683,0
367,0.343909986,-0.143521059,0
368,-0.774786607,0.034493769,0
369,-0.008608377,2.203733729,0
370,0.753175686,-0.183436424,0
371,-2.205973868,1.049301255,0
372,-1.636624937,0.268123807,0
373,1.965921167,1.785457003,1
374,-1.436817802,-0.737069513,0
375,0.194278372,-2.077998887,0
376,-0.098949344,-1.539816695,0
377,1.655003046,0.312414796,1
378,-1.677769307,-0.008478225,0
379,0.252907952,-1.174160127,0
380,0.367717678,0.442083559,0
381,-0.226709399,-1.686850974,0
382,-1.09447034,-1.130559178,0
383,0.364249404,0.301130837,0
384,-1.041699958,-0.180795055,0
385,0.506669331,0.395533439,0
386,-0.424025348,1.195331098,0
387,-1.470934354,-0.65954209,0
388,-1.132889135,1.337651066,0
389,-0.952031791,-1.197926955,0
390,-1.180263432,-0.935600512,0
391,1.052637152,1.645121912,0
392,-0.108820173,0.298003654,0
393,-2.382619381,0.12472087,0
394,-0.205773743,-0.792901531,0
395,-0.306466744,0.680735514,0
396,-0.687265451,-0.40633465,0
397,-0.834919248,0.916849449,0
398,-0.726535464,-1.582194411,0
399,-1.421214937,-0.207009224,0
400,-1.721414601,0.460802255,0
401,-2.329939412,0.005009408,0
402,-0.361843245,-0.150797211,0
403,-1.165031577,0.657599193,0
404,-1.514481692,0.118718838,0
405,3.11459783,0.228089372,1
406,0.570004068,-1.463286373,0
407,-0.939946552,1.343947432,0
408,-1.531868492,-0.649230439,0
409,1.228371754,-1.928217431,1
410,-0.626878936,-0.610818882,0
411,-0.287043866,-1.368698984,0
412,1.169878782,0.382808211,0
413,-0.387353917,-0.387658293,0
414,-0.223693377,-0.080262448,0
415,-1.481339644,0.42639951,0
416,-1.124848148,-0.933370962,0
417,0.739389101,1.972485246,0
418,1.411312805,-1.146100023,1
419,0.401068913,0.104073758,0
420,-0.899578566,-1.445279975,0
421,-0.440524234,-0.657210876,0
422,1.756222392,-0.609795578,1
423,-1.132921882,0.584632207,0
424,0.739572031,-1.458239115,0
425,-0.805173857,-0.341197965,0
426,0.659847432,1.662366232,0
427,-0.753401274,-1.392986958,0
428,0.852367087,1.822152166,0
429,-0.843579089,-0.125768003,0
430,0.364532307,-0.076597776,0
431,-0.912348459,1.651332411,0
432,-1.208171047,0.506701635,0
433,-0.24878701,0.225689956,0
434,0.852680703,-0.456535999,0
435,1.04051736,0.724152984,0
436,-0.35752948,-0.185825969,0
437,-0.800074238,0.965823474,0
438,0.09005064,0.18442723,0
439,0.273568638,-0.151429017,0
440,-1.138634734,1.222550709,0
441,-0.363210157,0.244164176,0
442,-1.724424885,0.46764291,0
443,1.141121446,1.209489553,1
444,1.57441204,-0.19073669,1
445,0.572289716,-1.226537493,0
446,-1.58231486,-0.406437856,0
447,-0.708435395,-0.667430514,0
448,-0.708435395,-0.667430514,0
449,-2.205789312,-0.148955997,0
450,2.491352319,-1.249163338,1
451,-1.2293007,0.238129493,0
452,-1.105421458,-0.406092174,0
453,1.882863677,1.113227769,1
454,0.738660642,1.845983798,0
455,-2.059748352,0.845171047,0
456,-0.06097089,0.324811119,0
457,1.221532017,0.08523806,0
458,0.688178105,-0.729407573,0
459,0.654457665,-1.702182673,0
460,0.897246258,0.437683795,0
461,2.913129921,2.817888146,1
462,0.958001886,-2.16331494,1
463,-2.269651254,1.18661884,0
464,0.07992977,-0.492155189,0
465,1.663115265,1.160859667,1
466,0.264508472,-1.025383118,0
467,-0.468489514,0.468634544,0
468,6.50E-05,0.9935709,0
469,-2.023726724,0.084011756,0
470,1.725102562,1.71367147,1
471,-1.543407913,-0.623007928,0
472,0.457247318,2.229161813,0
473,-0.691600041,-0.4637448,0
474,-1.22614615,-0.959492136,0
475,-1.934648378,-0.246569232,0
476,-0.498326555,-1.063712547,0
477,0.194324383,-0.382009095,0
478,1.831783384,-0.526665743,1
479,-1.742815113,-0.298026149,0
480,-0.390487372,0.003310221,0
481,-0.561844497,0.069133197,0
482,1.572543143,1.104456828,1
483,-0.002578069,-0.432818844,0
484,-1.415919005,0.022899001,0
485,-1.919543403,0.654722149,0
486,-0.695390831,-0.697073352,0
487,1.617690147,0.773213229,1
488,1.127064013,0.668532659,0
489,-0.331869601,-0.459376171,0
490,-0.778212005,-1.464763167,0
491,-0.097361723,-0.224814491,0
492,-0.61936116,-0.378973573,0
493,-0.187076189,0.085456529,0
494,-0.403751034,0.645493466,0
495,1.729404806,-0.67701135,1
496,-0.969316811,-1.286804801,0
497,-1.84890351,-0.185104674,0
498,0.46656259,0.446115829,0
499,0.936301293,-0.599576268,0
500,-0.827391342,-0.962628316,0
501,-0.115184925,0.065015033,0
502,-0.355972979,2.608624486,0
503,1.816649198,-0.821756088,1
504,2.187623271,1.309318203,1
505,0.468071843,-0.176342427,0
506,0.843151858,-1.565460044,0
507,1.065089589,0.547143598,0
508,-0.227113156,-1.376730417,0
509,-1.194682435,0.159461961,0
510,-1.480878221,0.432735679,0
511,-0.467883825,-0.715810261,0
512,-0.458301527,-0.172068663,0
513,1.810711397,-0.478781158,1
514,1.309736113,0.087146589,1
515,-0.030674053,-0.368972731,0
516,1.90914338,-1.636600303,1
517,2.018093973,-0.935672443,1
518,-1.675860407,-0.32201911,0
519,1.570340663,-0.498072544,1
520,-0.717923847,-0.283153735,0
521,-1.51239618,1.06248995,0
522,1.428267105,-0.001559038,1
523,1.60404754,2.727482837,0
524,1.852847828,0.185944809,1
525,3.068540295,-1.220416264,1
526,1.468363934,-0.085291493,1
527,-0.003302705,-0.18922931,0
528,0.152399507,-0.898780333,0
529,-0.795281647,-1.035595302,0
530,1.816587699,0.698318505,1
531,0.725756234,1.303883591,0
532,0.208420599,-0.670355375,0
533,-0.930367676,-0.177476064,0
534,1.332230374,-1.794129044,1
535,0.31053365,0.181651849,0
536,-0.446763613,-1.02011807,0
537,0.678189734,-0.5112927,0
538,0.751295711,0.513032337,0
539,0.395820918,0.606871221,0
540,-2.125024726,0.057890582,0
541,0.35359064,-0.985873124,0
542,-0.044402962,-0.103216637,0
543,-1.051964806,-0.655725412,0
544,-2.079130641,-0.308621947,0
545,-1.269849121,1.39995392,0
546,0.507276257,0.932007553,0
547,1.15099048,-0.461028781,1
548,1.681688422,-1.504195636,1
549,2.032386214,-1.312003027,1
550,0.503689426,0.361747751,0
551,0.250869975,0.309848561,0
552,-1.779309531,0.847201127,0
553,-0.053347224,0.61668993,0
554,-1.347787681,-0.811227276,0
555,2.259739383,0.083143177,1
556,0.26381276,-0.398865708,0
557,0.548749839,-0.66888045,0
558,-1.396190336,-0.439014201,0
559,-2.079907324,-0.178700172,0
560,-0.111882114,0.702724741,0
561,-1.317973373,1.501928122,0
562,0.206588441,-0.65182114,0
563,0.509575467,-1.084023848,0
564,-1.093478278,-0.742435243,0
565,-1.912621187,-0.040310811,0
566,-1.700815403,0.796985655,0
567,0.507832214,-0.817840925,0
568,-1.333739689,-0.843150333,0
569,0.361935222,0.193002272,0
570,-0.217092439,0.853247681,0
571,-1.480968634,-0.636739907,0
572,1.374916055,1.297236613,1
573,-1.22003517,0.09630214,0
574,-1.823316096,-0.243250241,0
575,-0.001945652,0.628040354,0
576,-0.745283438,-0.34175312,0
577,1.821193537,1.757533108,1
578,1.338850612,-1.499970015,1
579,1.452176187,0.75156882,1
580,-0.636873223,2.600258238,0
581,-0.710351838,0.406605508,0
582,-0.367919971,0.368254269,0
583,1.628406586,0.170051614,1
584,-0.773884958,-0.646857881,0
585,-2.053554594,0.023636639,0
586,1.49395517,0.226653922,1
587,0.762333418,0.487949935,0
588,1.153116673,0.986814243,1
589,-1.72529761,1.531922435,0
590,-1.013652199,0.011782056,0
591,1.295518652,-0.203663375,1
592,-0.904368961,-1.306237325,0
593,-2.054229498,0.832629846,0
594,1.87558059,-1.446545231,1
595,-1.390804381,0.348821419,0
596,0.156551568,0.894280066,0
597,1.721229293,0.161920387,1
598,1.830783779,-0.154294542,1
599,-1.166128851,-0.268138966,0
600,-0.277536229,1.252823377,0
601,-0.495481917,-1.02319524,0
602,1.215742304,-0.392477002,1
603,0.73639238,-0.273454379,0
604,-2.081650577,0.087482752,0
605,0.135648947,-0.23577943,0
606,2.520542143,-0.245814084,1
607,-0.90737161,1.647407597,0
608,-1.233445115,-0.814748941,0
609,0.095156007,0.898255548,0
610,-1.425953285,0.045701184,0
611,-1.851544979,0.620972692,0
612,0.003988326,-0.085025559,0
613,0.504108661,-0.957814889,0
614,-0.894749806,-0.628514797,0
615,0.883023568,0.455633053,0
616,1.232346803,0.302605083,0
617,-1.837865802,-0.210187075,0
618,-0.146846461,-0.798652746,0
619,-1.151665735,-1.000586734,0
620,-0.066518668,-0.045575556,0
621,0.383697303,-0.684188691,0
622,-1.058621902,-1.083865371,0
623,-0.716599151,0.29264526,0
624,-1.850408652,-0.181684346,0
625,-0.245864954,-0.506380109,0
626,-0.744293572,1.908746943,0
627,-1.264778128,-0.87170373,0
628,0.291430153,-0.730831829,0
629,1.339290539,1.008093381,1
630,0.105795976,-0.30899144,0
631,1.99525363,-0.634441827,1
632,-1.074175035,-1.048521987,0
633,-0.320257142,0.259943899,0
634,-1.22865472,-0.95379159,0
635,1.35078967,0.989347148,1
636,-0.065609476,-1.487422342,0
637,-1.114037185,-1.086094921,0
638,-0.845766391,0.458011757,0
639,-0.89282954,-1.332459836,0
640,-0.763994944,0.52112091,0
641,0.662900203,-0.214326828,0
642,0.885111277,-0.462971962,0
643,-0.761930412,-1.373605103,0
644,-1.633491883,1.572229405,0
645,-1.26730026,1.386777096,0
646,-1.668561442,-0.466762305,0
647,2.028764493,0.472475555,1
648,-0.400152436,-0.869724998,0
649,1.520546012,0.166228137,1
650,0.489506908,-1.038419482,0
651,0.227617942,1.17014668,0
652,2.129291549,2.241947685,1
653,-1.654524817,-0.108281208,0
654,-1.450179822,1.291207397,0
655,-0.840207247,0.437994278,0
656,-0.946512937,-1.210468156,0
657,-0.109946669,2.185088833,0
658,-0.914683839,0.849179859,0
659,-0.295294212,-1.108007812,0
660,0.760874586,-1.00839116,0
661,-0.692603469,-0.461464582,0
662,0.932737248,-0.705263262,0
663,0.528262045,0.696286556,0
664,0.503868234,-0.243316379,0
665,-2.605332169,0.374506113,0
666,-0.871667139,-0.310868836,0
667,-0.01315655,1.460975853,0
668,-0.902589149,1.757311895,0
669,-1.183685018,0.141855837,0
670,0.137630702,-0.25317676,0
671,0.67462007,-0.819768662,0
672,0.00644896,-0.823431792,0
673,-0.591441799,0.50649062,0
674,0.859246698,1.586331399,0
675,0.859246698,1.586331399,0
676,1.587370014,-0.919764131,1
677,1.43823217,-0.399812819,1
678,1.544472651,1.692688025,1
679,0.558555059,-0.367588277,0
680,0.24448222,1.75676027,0
681,2.377695726,0.75071218,1
682,-0.892965872,-0.390625809,0
683,-0.957460232,-0.115910169,0
684,-0.945645841,-0.270914347,0
685,0.557090208,-0.371644227,0
686,-0.393326559,2.565351006,0
687,0.123077174,-0.590204577,0
688,-0.296070895,-0.978086036,0
689,0.229667285,-0.704266161,0
690,1.577791139,0.601659365,1
691,0.129101564,-0.233794904,0
692,0.198561017,-0.633579393,0
693,0.991881823,1.050369433,1
694,-0.771689723,-1.479584586,0
695,0.188751974,-1.304962549,0
696,-0.781222289,-1.457922512,0
697,-1.161342566,0.211856314,0
698,1.106457272,1.092844395,1
699,1.533961586,-0.926554117,1
700,-1.716320313,0.575905815,0
701,-1.321385219,-0.043486793,0
702,1.926634327,0.604065606,1
703,0.470337801,0.188209362,0
704,0.095700197,1.233885336,0
705,-0.339452977,-0.75873126,0
706,-0.427348967,0.375145593,0
707,-0.639433152,-0.191911999,0
708,0.392854737,3.182948883,0
709,-1.652958576,0.063297984,0
710,-0.345025684,1.5140665,0
711,0.294966954,2.469775514,0
712,-0.114700597,1.946564222,0
713,0.819175188,-0.461572391,0
714,-1.987101602,0.000783788,0
715,-0.654805851,1.470834365,0
716,-2.060842192,-0.22202432,0
717,-2.047534026,0.009955329,0
718,-0.586470969,1.99485095,0
719,0.708869521,-1.697672905,0
720,-0.687590152,-0.842956656,0
721,-0.921296534,-0.205474307,0
722,-0.692563178,-0.46894086,0
723,0.443985461,0.497420741,0
724,-0.803261145,1.921974435,0
725,-0.333067027,0.168281349,0
726,-2.064592302,0.048719041,0
727,0.592440755,0.046280672,0
728,-0.757826288,-0.313250391,0
729,0.497982192,1.202455221,0
730,-1.461676757,-0.552422497,0
731,-1.06409283,1.86800382,0
732,-1.797901873,0.50645729,0
733,-0.857117434,-0.343932001,0
734,0.29913056,-0.733959668,0
735,0.911717308,-0.543710919,0
736,1.106420702,-0.030265446,0
737,-0.206225725,-0.22635775,0
738,1.115578146,1.630249825,0
739,-0.350544538,1.5266077,0
740,0.967341951,1.468849487,0
741,-1.164458062,-0.318917255,0
742,0.167585453,0.499106682,0
743,-0.179919294,-0.730881819,0
744,0.58040373,-0.545394637,0
745,-0.879192849,-0.293767198,0
746,-0.714682707,-0.781390761,0
747,0.283481385,0.235741466,0
748,-0.113422199,1.815502337,0
749,-0.423881083,0.004550124,0
750,-0.46170363,0.715435612,0
751,-0.414069725,0.224197366,0
752,-0.033914904,-0.859864617,0
753,0.528006376,0.185717123,0
754,-0.20378045,1.455318313,0
755,1.778966795,1.524008658,1
756,2.190358586,1.431259215,1
757,1.657321441,1.302182534,1
758,-0.118739111,-1.252903012,0
759,0.225788397,-2.458806212,0
760,-0.702370713,-0.318497119,0
761,0.263285945,-0.410562492,0
762,-0.842167793,-1.057206707,0
763,-1.189294284,-0.915078547,0
764,-1.530136605,-0.525009209,0
765,-0.953763677,-1.322148185,0
766,2.04062682,1.050177065,1
767,-0.79235414,0.834892726,0
768,1.696422386,0.460235161,1
769,0.38871062,-1.065680765,0
770,0.138909099,-0.384238645,0
771,-0.599573198,1.708037062,0
772,0.322751798,-0.283472886,0
773,-1.62217701,-0.44401079,0
774,0.595685717,-0.081865372,0
775,1.333693029,0.072303033,1
776,-0.92334368,-0.193437592,0
777,-1.323203696,-0.867092625,0
778,-1.618163298,-0.453131663,0
779,-1.467064908,0.522118011,0
780,-1.629201006,-0.428049262,0
781,0.56155178,1.878351349,0
782,-0.081898612,-0.81808527,0
783,1.147257538,0.071498419,0
784,-1.505552619,-0.580874558,0
785,0.796772876,1.014346533,0
786,-1.422177684,0.299342907,0
787,4.058821229,-1.375823264,1
788,-0.179644623,2.336087728,0
789,0.105294262,-0.307851331,0
790,-1.023188588,-0.336646852,0
791,-0.75180572,-0.326931701,0
792,-1.67147788,0.468096728,0
793,-1.461175043,-0.553562606,0
794,-1.103274447,-0.982395656,0
795,-1.29242625,1.451258832,0
796,1.451868871,-1.567742484,1
797,1.55744761,0.776045398,1
798,-1.046818877,-0.848465394,0
799,2.087980306,-1.914837607,1
800,0.942308298,1.639522703,0
801,1.388595232,0.466076846,1
802,1.225036759,-0.151376479,1
803,0.626184669,-1.200574445,0
804,-2.246572411,1.134173819,0
805,2.683220246,0.695736801,1
806,1.326805755,-0.342021276,1
807,-0.502977076,1.609301383,0
808,-1.326942438,-0.986753419,0
809,1.225640263,-1.68006746,1
810,1.018809133,-0.658912612,0
811,2.170484323,-2.344264934,1
812,-1.207636586,1.258580384,0
813,-1.266296832,1.384496878,0
814,-0.265077773,-1.337440082,0
815,-0.379193594,-1.20627686,0
816,-0.332840282,0.295922906,0
817,-1.177397414,0.248339807,0
818,0.825635982,-1.162941519,0
819,-0.983949294,0.623587047,0
820,-0.71040157,-0.158798165,0
821,-0.480253485,-1.49516063,0
822,-1.916359929,-0.159971604,0
823,1.72359742,1.717091798,1
824,-1.148895758,1.117711335,0
825,-0.91204237,0.043102493,0
826,2.407877221,1.630637179,1
827,-1.190167009,0.149200979,0
828,0.638404444,0.56676793,0
829,3.265163955,-1.41091583,1
830,0.152991634,0.169555143,0
831,-0.641530421,-1.256827147,0
832,-0.6243783,-0.367572481,0
833,-0.56978532,-1.419862757,0
834,1.082334618,-2.552253492,1
835,0.990207612,-0.964017373,0
836,0.439281954,-1.859903221,0
837,-0.015907043,-0.84727429,0
838,-0.679068558,-0.101843375,0
839,0.766109019,0.741591658,0
840,-0.645807746,0.697293541,0
841,-0.139173063,0.058629738,0
842,1.089998666,1.439448446,0
843,0.224275311,0.000183364,0
844,-1.347285967,-0.812367386,0
845,1.946483398,0.659453457,1
846,-1.201750544,-0.187191215,0
847,-0.956059065,1.063974199,0
848,1.594530332,0.329062616,1
849,0.248538418,-0.122213008,0
850,3.419218776,1.817749748,1
851,0.124943885,-2.229644271,0
852,-0.839211362,1.196209196,0
853,-0.597293,-0.657772151,0
854,1.616473249,-0.61579948,1
855,-0.076927781,0.670275061,0
856,-0.46804328,0.495283884,0
857,-0.443076918,-1.014125035,0
858,0.033718528,-1.322759802,0
859,-0.568453368,-0.615429987,0
860,-1.187933408,0.2722821,0
861,2.178152205,-0.189094317,1
862,-1.428473221,0.441805883,0
863,-1.027515634,-1.154552139,0
864,0.224235031,-2.198962661,0
865,0.353894235,2.4640243,0
866,-1.386419658,-0.723438871,0
867,-1.507561671,1.286062006,0
868,0.164115942,-1.362764959,0
869,1.456109328,-1.4492218,1
870,1.43156181,-1.770923712,1
871,1.306137423,-2.104934351,1
872,-1.290736552,0.249581253,0
873,1.367429009,-0.925605137,1
874,0.965429629,-0.282774723,0
875,-1.115451915,-0.013199008,0
876,-0.497990487,-1.017494694,0
877,-0.327090573,-0.208014666,0
878,2.375052629,-0.675677564,1
879,-0.643212576,-0.815644705,0
880,-1.225329475,2.098861025,0
881,-0.024836116,-0.147680894,0
882,-0.407555376,0.458322893,0
883,-1.276567027,-0.192314469,0
884,0.623453177,-0.952424474,0
885,0.37666194,-0.277823009,0
886,0.53415563,-1.50998018,0
887,1.358861207,1.333720106,1
888,-0.620097563,1.950094228,0
889,0.758690717,-0.566068608,0
890,-0.151639052,1.202766031,0
891,1.008540174,-0.51480504,0
892,-1.010457358,-1.19331585,0
893,-1.960655027,1.131138976,0
894,-1.018127334,0.014566761,0
895,3.702919555,-0.702603705,1
896,-2.28857212,0.039162015,0
897,-0.938950667,2.10216235,0
898,-0.465152333,-0.963960232,0
899,-0.466718574,-1.135539424,0
900,0.529590174,1.130628344,0
901,-1.103599158,0.787604641,0
902,-1.099675859,-0.290991817,0
903,1.153898985,-1.146940867,1
904,-1.061368583,-0.815402229,0
905,1.750152092,-1.161517941,1
906,0.700976623,-0.247340868,0
907,-0.702414827,-0.681111824,0
908,1.243959252,3.228547456,0
909,0.084378079,0.814869454,0
910,-1.142016028,2.29253078,0
911,0.845325586,2.31016278,0
912,-0.496821413,-1.067132874,0
913,-1.587558745,-0.522678322,0
914,-0.279531719,0.86697966,0
915,1.640216856,2.840707668,0
916,-0.148355426,-1.165323401,0
917,1.181212656,0.92296813,1
918,0.526485654,-0.302097569,0
919,0.196417829,0.312815071,0
920,-0.404815951,-0.038774024,0
921,1.895183605,1.327174465,1
922,1.757810311,-2.490544589,1
923,-0.858211274,-1.411127368,0
924,0.22509076,-0.869004698,0
925,-0.467128638,1.65599519,0
926,-0.252946225,-0.295327117,0
927,-0.858943854,1.288031415,0
928,-1.411559211,1.593823146,0
929,0.836579546,1.079708916,0
930,2.278158535,1.231740112,1
931,-1.472308792,0.405877545,0
932,1.818373439,-1.437716823,1
933,-0.13649722,2.238038341,0
934,-0.203528776,-1.060224564,0
935,1.581436036,-0.206698219,1
936,1.373086212,0.864034935,1
937,2.186533254,0.612213819,1
938,3.345709052,-1.103077034,1
939,-1.36174526,0.290171365,0
940,-0.8627267,-1.400866386,0
941,1.017144535,0.55560186,0
942,-0.162034603,-0.334163634,0
943,-2.180714979,0.184442699,0
944,-1.309313532,2.544545573,0
945,-1.024920474,-0.460868082,0
946,0.755576458,0.624076743,0
947,2.047833447,0.799242389,1
948,-0.84144153,0.931670868,0
949,-0.345148454,0.203120246,0
950,0.670437279,-0.62183262,0
951,-1.634444891,-0.544289728,0
952,-0.834142565,0.786927673,0
953,-0.783915415,-0.253964715,0
954,-1.398185825,-0.824857918,0
955,2.036603537,1.282400077,1
956,-1.208269003,0.197721186,0
957,-0.471233999,-1.125278441,0
958,-0.667531332,1.734310241,0
959,3.601704032,0.589697652,1
960,2.415593506,-1.077006855,1
961,0.323062937,2.405929401,0
962,2.027847654,1.174140376,1
963,-1.059037026,-0.383340659,0
964,0.758366016,-1.002690614,0
965,-0.494174894,2.424421965,0
966,-0.403664434,-0.861744234,0
967,1.731029285,0.771971783,1
968,0.591925478,2.300201062,0
969,-1.436817802,-0.737069513,0
970,-1.746052142,-0.418827052,0
971,0.980901791,-0.814713741,0
972,2.572206928,-0.484389364,1
973,0.348750513,-1.412234147,0
974,1.201106009,-1.058798438,1
975,-0.124532934,-1.111580145,0
976,0.398867669,0.222463305,0
977,-0.301868541,-1.206854152,0
978,-0.37461707,-1.041538324,0
979,-1.396955652,-0.699496579,0
980,2.358986415,-0.248789918,1
981,-1.487043055,1.637197962,0
982,-0.121168635,0.212677272,0
983,0.437355771,1.837004064,0
984,-0.066478377,-0.053051834,0
985,-1.200977972,0.301924938,0
986,3.139350884,2.190031157,1
987,2.976211358,1.242144102,1
988,0.898886224,-1.329397456,1
989,1.26281683,-1.199031865,1
990,2.603374684,0.131471577,1
991,-1.456471248,0.814632445,0
992,-0.392273101,-0.067276753,0
993,0.291779667,0.707755981,0
994,-0.624012918,0.573121437,0
995,-1.503282161,-0.323812507,0
996,2.045055825,-2.059237644,1
997,0.86650156,-1.127648803,0
998,-0.422712008,-0.045088056,0
999,-0.429493782,-0.910927053,0
1000,2.589634408,0.787631825,1
1001,1.068377038,-1.45085485,1
1002,0.94682592,-0.233114406,0
1003,0.902169552,-0.501735674,0
1004,0.417156508,0.820609123,0
1005,-1.296028661,0.389764011,0
1006,-1.151073608,0.067748742,0
1007,-0.079862832,-0.439717831,0
1008,0.177064166,2.737701166,0
1009,-0.709308119,0.396849012,0
1010,-2.083657433,0.092043189,0
1011,2.765084302,-0.034054588,1
1012,-1.309657418,-0.897875573,0
1013,2.028868468,-0.710829141,1
1014,-0.703981067,-0.852691015,0
1015,1.280138708,-0.976173089,1
1016,0.575736494,1.416142455,0
1017,1.111022728,-1.547764129,1
1018,0.79822597,0.897258447,0
1019,-0.038249494,-0.917274767,0
1020,1.322611207,-0.26522927,1
1021,1.539368922,1.004704514,1
1022,1.64739868,-0.618815115,1
1023,-0.834630717,-1.464712499,0
1024,-1.869975497,-0.137220089,0
1025,-1.418254385,-0.779253551,0
1026,0.845892622,1.15903906,0
1027,1.390334663,-0.17019706,1
1028,-0.823867978,-1.361013234,0
1029,0.770822276,-1.730577945,0
1030,-1.223410836,-0.837551124,0
1031,-1.031542909,1.107349015,0
1032,-1.570775438,-0.432660367,0
1033,-1.01009991,-0.003674986,0
1034,-0.441296806,-1.146327029,0
1035,2.711181703,-0.800199602,1
1036,1.470272834,-0.398832378,1
1037,2.272628314,1.634685466,1
1038,-1.69465057,-0.407476629,0
1039,-0.021704299,-0.564494215,0
1040,-0.40704985,3.033896069,0
1041,0.802647551,-0.041020913,0
1042,-1.616658156,-0.456551991,0
1043,-1.375526216,0.442259701,0
1044,-1.083119297,-0.32861542,0
1045,0.804018166,-1.47653153,0
1046,1.056516338,0.203910749,0
1047,0.963649518,-0.150572729,0
1048,-0.033644046,-0.369608354,0
1049,1.165117128,0.455379711,0
1050,1.056977761,0.210246918,0
1051,-1.523126171,1.711809544,0
1052,-0.198421223,-0.002150071,0
1053,-1.324983807,-0.734890631,0
1054,-0.616116197,-0.507119617,0
1055,-1.498899634,0.46630333,0
1056,0.174338601,-2.213733411,0
1057,-0.76786439,-0.66053919,0
1058,-0.637017191,0.595287997,0
1059,0.184918698,0.331561304,0
1060,-1.959005619,-0.063062325,0
1061,-0.171019156,0.393219212,0
1062,-1.373890371,1.500838681,0
1063,0.115992079,-0.749242567,0
1064,-2.195766398,0.218645974,0
1065,0.167733542,-0.321583309,0
1066,0.316629451,-0.948863007,0
1067,-0.625373794,-0.614239209,0
1068,0.740583105,-0.720337368,0
1069,-0.752397846,-1.395267177,0
1070,-0.117347115,-1.544990617,0
1071,-0.166469356,3.368444197,0
1072,1.441361401,0.534201796,1
1073,3.447739624,-1.56949234,1
1074,-2.550645344,0.250234215,0
1075,1.507259226,1.0776715,1
1076,0.575111621,-0.405211879,0
1077,-0.736988978,-0.239829587,0
1078,0.768382911,0.857196501,0
1079,0.709386425,-1.719126185,0
1080,0.970817779,-1.357315231,1
1081,-0.510356324,-1.426754081,0
1082,0.260860152,-2.282190629,0
1083,1.662622992,1.734879727,1
1084,0.919271942,-0.17788468,0
1085,1.616953754,0.895658727,1
1086,-0.762672434,0.75267373,0
1087,-1.361889526,1.480952339,0
1088,-1.950292223,1.915049781,0
1089,-0.583201193,2.868670711,0
1090,-0.02330205,0.231826654,0
1091,-0.850472382,0.952192833,0
1092,-0.527366674,1.551337621,0
1093,-1.397868668,0.372259225,0
1094,-1.111215281,-0.264769307,0
1095,1.429143653,-0.695747581,1
1096,1.829144111,-1.582964504,1
1097,-2.392653661,0.147523053,0
1098,-0.366458943,0.002219237,0
1099,-1.487000568,-0.232654443,0
1100,-0.252885126,-0.120327598,0
1101,-1.43782123,-0.734789294,0
1102,-1.459669901,-0.556982934,0
1103,1.410951246,-1.716702958,1
1104,1.424076483,1.946001052,0
1105,-1.488403931,0.449837316,0
1106,-0.620591332,-0.504334912,0
1107,-0.677786727,-0.374362468,0
1108,1.657950036,1.99295075,0
1109,-1.346055794,-0.687006046,0
1110,-0.780958686,-1.196300025,0
1111,0.227185833,2.058286578,0
1112,0.656656713,0.041803907,0
1113,-1.994258497,0.817122136,0
1114,-0.807913293,2.362521254,0
1115,-0.644438926,-0.570915061,0
1116,0.901538762,0.669872238,0
1117,0.285714986,0.358822587,0
1118,-0.323311149,0.41571804,0
1119,-0.045779027,-1.270264112,0
1120,-0.751913128,0.997830203,0
1121,-1.66956487,-0.464482087,0
1122,-2.109244847,0.150188756,0
1123,-0.465715146,-1.137819642,0
1124,0.636386222,0.96173252,0
1125,-1.195816566,-0.900257128,0
1126,-1.823593261,1.747907553,0
1127,-0.555935447,1.999251719,0
1128,1.071375956,-1.067291352,1
1129,1.719622762,-0.002182526,1
1130,1.719622762,-0.002182526,1
1131,-1.773419666,-0.22847949,0
1132,-0.263073113,0.520375609,0
1133,-0.352779766,-0.82894053,0
1134,-1.286496095,0.368101937,0
1135,-0.461740487,0.581454682,0
1136,1.33528065,1.387305237,1
1137,1.383943084,0.906623666,1
1138,-1.598267928,0.309117068,0
1139,-2.453361054,0.285476262,0
1140,0.31638121,1.425222662,0
1141,1.22741244,-1.563322508,1
1142,1.140537264,-2.314415172,1
1143,0.452132221,1.931582456,0
1144,1.140916082,2.225271008,0
1145,-0.224933409,1.006607263,0
1146,-0.108576054,0.749578216,0
1147,-0.163135988,-0.640863864,0
1148,-1.572782294,-0.42809993,0
1149,-0.727264221,1.487055355,0
1150,0.194045591,-0.623318411,0
1151,-0.957193196,0.00425511,0
1152,2.941860518,1.952525104,1
1153,-0.295595737,-0.568508821,0
1154,-0.128886537,-1.518768107,0
1155,2.447837728,0.282116449,1
1156,1.059569109,-1.672782311,1
1157,2.146986634,-0.460709082,1
1158,-0.529302119,0.068973528,0
1159,0.540847381,-1.202068578,0
1160,-0.339045108,-1.687889747,0
1161,-0.63162904,-0.479252511,0
1162,-0.723547913,-0.808226758,0
1163,-0.118761844,-0.472094705,0
1164,1.05756388,0.564245236,0
1165,-0.862607363,0.051537075,0
1166,0.543251976,-0.024464428,0
1167,-0.821005393,-0.035615707,0
1168,0.831602696,1.08363373,0
1169,1.886881212,1.474197878,1
1170,0.761363128,1.754797202,0
1171,0.368453691,-2.398532432,0
1172,-1.045675305,0.784133645,0
1173,-0.099549025,0.358965268,0
1174,1.559256645,1.02677128,1
1175,-0.180467616,3.965770927,0
1176,-0.441346837,1.484020512,0
1177,-0.624568485,2.834518105,0
1178,-1.031438933,-0.07595568,0
1179,-1.026761684,-0.503665607,0
1180,-0.013265574,-1.653351656,0
1181,-1.479134968,0.166552755,0
1182,-1.112781521,-0.436348498,0
1183,-0.954273336,1.134561173,0
1184,1.121641591,0.2582643,0
1185,0.52870227,0.008598738,0
1186,0.301268119,0.323479203,0
1187,-1.092146326,0.061997528,0
1188,1.319408732,-2.006935631,1
1189,-0.791400834,-0.244339355,0
1190,0.020356509,0.705517108,0
1191,-1.162201729,-0.976644441,0
1192,3.222862152,2.128414594,1
1193,-2.103357178,0.936884266,0
1194,1.651206638,-0.123702723,1
1195,0.175699477,-1.026372765,0
1196,0.612743993,-0.120629084,0
1197,-1.775599712,0.583934044,0
1198,0.981198141,0.199927604,0
1199,-0.975110634,-1.145481934,0
1200,1.892031251,0.662419967,1
1201,0.320337074,0.650246037,0
1202,-0.529504233,0.49389875,0
1203,0.556079236,0.391131127,0
1204,-1.935240803,1.880846507,0
1205,-1.227293844,0.233569057,0
1206,0.150761856,0.416565004,0
1207,-0.115555936,1.128154449,0
1208,2.871053362,-1.599379524,1
1209,0.230303525,0.726684019,0
1210,-2.047295915,-0.252807267,0
1211,2.827982809,1.82092573,1
1212,-0.674776444,-0.381203123,0
1213,-1.293375825,-0.806717508,0
1214,-2.51529862,0.298068131,0
1215,0.785964109,-0.695305635,0
1216,-0.639118191,2.867581271,0
1217,-1.684904821,1.951283136,0
1218,-0.534110072,-0.565315852,0
1219,-1.737469449,0.497285748,0
1220,-0.43213555,3.090901527,0
1221,-2.739014836,0.550133592,0
1222,-0.457330274,0.033579476,0
1223,0.384277673,0.263002749,0
1224,-0.878789492,1.091186356,0
1225,-0.878789492,1.091186356,0
1226,1.446515263,0.092514867,1
1227,-1.00722033,-1.072514948,0
1228,-2.335733235,0.146332276,0
1229,0.174613272,0.853236136,0
1230,-0.357619893,-1.255301554,0
1231,-1.100264163,-0.989236311,0
1232,1.576512742,0.73272125,1
1233,1.41982466,2.217884522,0
1234,0.582937503,0.962418812,0
1235,-0.571063717,-1.288800872,0
1236,1.022667212,0.913151642,1
1237,0.67984696,1.690709292,0
1238,1.913564662,0.620871551,1
1239,0.00444975,-0.07868939,0
1240,-1.196873847,1.362279649,0
1241,1.061493187,0.199985936,0
